{
  "tabPane": [],
  "windowGeometry": {
    "x": 60.21818161010742,
    "y": -6.109090805053711,
    "width": 1482.7635498046875,
    "height": 961.7454223632812
  }
}